{"cameraMode":{"drawMode":0,"name":"Shaded","section":"Shading Mode"},"sceneLighting":true,"audioPlay":false,"sceneViewState":{"showFog":true,"showMaterialUpdate":false,"showSkybox":true,"showFlares":true,"showImageEffects":true,"showParticleSystems":true},"in2DMode":false,"pivot":{"x":-7.663673400878906,"y":1.6671288013458253,"z":6.786321640014648},"rotation":{"x":0.07023678719997406,"y":0.07740498334169388,"z":-0.0054238541051745419,"w":0.994507908821106},"size":15.041321754455567,"orthographic":false}